[
  {
    "Id": "225077",
    "ThreadId": "66265",
    "Html": "<p>I notice that when I use silent notation to write out a null value, I'm still seeing errors being logged.&nbsp; Would expect it to write an empty string without trying to do any error handling, right? i.e.</p>\r\n<p>&nbsp;</p>\r\n<div style=\"color:Black;background-color:White\">\r\n<pre>VelocityContext velocityContext = <span style=\"color:Blue\">new</span> VelocityContext(toolsContext);\r\nvelocityContext.Put(<span style=\"color:#A31515\">&quot;pants&quot;</span>, <span style=\"color:Blue\">null</span>);\r\n</pre>\r\n</div>\r\n<p>&nbsp;</p>\r\n<p>Then in my template:</p>\r\n<p>&nbsp;</p>\r\n<div style=\"color:Black;background-color:White\">\r\n<pre>## shirt is never defined in the velocityContext<br>$!shirt</pre>\r\n</div>\r\n<p>&nbsp;</p>\r\n<p>We're using some custom error handling code.&nbsp; Maybe that's overriding something?</p>\r\n<p>&nbsp;</p>\r\n<div style=\"color:Black;background-color:White\">\r\n<pre>    <span style=\"color:Blue\">class</span><span style=\"color:MediumTurquoise\"> InvalidReferenceHandler : IInvalidReferenceEventHandler </span>{\r\n\t\t<span style=\"color:Blue\">private</span> <span style=\"color:Blue\">static</span> Log4NetLogChute logger = <span style=\"color:Blue\">new</span> Log4NetLogChute();\r\n        <span style=\"color:Green\">// This handler throws an exception if a reference defined in a template is invalid</span>\r\n        <span style=\"color:Green\">// (object or property does not exist in the context).  If it is just a null property value,</span>\r\n        <span style=\"color:Green\">// it just returns the null value, since this can be a normal data condition, as opposed to </span>\r\n        <span style=\"color:Green\">// an issue with the template or context.</span>\r\n        <span style=\"color:Blue\">#region</span> Implementation of IInvalidReferenceEventHandler\r\n        <span style=\"color:Blue\">public</span> <span style=\"color:Blue\">object</span> InvalidGetMethod(IContext context, <span style=\"color:Blue\">string</span> reference, <span style=\"color:Blue\">object</span> obj, <span style=\"color:Blue\">string</span> property, Info info)\r\n        {\r\n            <span style=\"color:Blue\">string</span> error = String.Format(<span style=\"color:#A31515\">&quot;Invalid Get reference found in Template {0} at line {1}, column {2}: {3}&quot;</span>, info.TemplateName, info.Line, info.Column, reference);\r\n\t\t\tlogger.Log(LogChute_Fields.ERROR_ID, error);\r\n            <span style=\"color:Blue\">return</span> <span style=\"color:Blue\">null</span>;\r\n        }\r\n\r\n        <span style=\"color:Blue\">public</span> <span style=\"color:Blue\">bool</span> InvalidSetMethod(IContext context, <span style=\"color:Blue\">string</span> leftreference, <span style=\"color:Blue\">string</span> rightreference, Info info)\r\n        {\r\n            <span style=\"color:Blue\">string</span> error = String.Format(<span style=\"color:#A31515\">&quot;Invalid Set reference found in Template {0} at line {1}, column {2}: LHS: {3} RHS: {4}&quot;</span>, info.TemplateName, info.Line, info.Column, leftreference, rightreference);\r\n\t\t\tlogger.Log(LogChute_Fields.ERROR_ID, error);\r\n\t\t\t<span style=\"color:Blue\">return</span> <span style=\"color:Blue\">false</span>;\r\n        }\r\n\r\n        <span style=\"color:Blue\">public</span> <span style=\"color:Blue\">object</span> InvalidMethod(IContext context, <span style=\"color:Blue\">string</span> reference, <span style=\"color:Blue\">object</span> object_Renamed, <span style=\"color:Blue\">string</span> method, Info info)\r\n        {\r\n            <span style=\"color:Blue\">string</span> error = String.Format(<span style=\"color:#A31515\">&quot;Invalid Method reference found in Template {0} at line {1}, column {2}: {3}&quot;</span>, info.TemplateName, info.Line, info.Column, method);\r\n\t\t\tlogger.Log(LogChute_Fields.ERROR_ID, error);\r\n\t\t\t<span style=\"color:Blue\">return</span> <span style=\"color:Blue\">null</span>;\r\n        }\r\n\r\n        <span style=\"color:Blue\">#endregion</span>\r\n    }\r\n</pre>\r\n</div>\r\n<p>The InvalidGetMethod handler shouldn't be getting called, right?</p>\r\n<p>&nbsp;</p>",
    "PostedDate": "2009-08-18T11:38:11.553-07:00",
    "UserRole": null,
    "MarkedAsAnswerDate": null
  }
]