[
  {
    "Id": "531914",
    "ThreadId": "237340",
    "Html": "\r\n<pre>KeyNotFoundException</pre>\r\n",
    "PostedDate": "2010-12-06T11:50:38.747-08:00",
    "UserRole": null,
    "MarkedAsAnswerDate": null
  },
  {
    "Id": "533233",
    "ThreadId": "237340",
    "Html": "\r\n<p>In Nvelocity/Runtime/Parser/Parser.cs line 884 change:</p>\r\n<p></p>\r\n<div style=\"color:black; background-color:white\">\r\n<pre>d = (Directive)directives[directiveName];\r\n</pre>\r\n</div>\r\n<p></p>\r\n<p>to</p>\r\n<p></p>\r\n<div style=\"color:black; background-color:white\">\r\n<pre> <span style=\"color:blue\">if</span> (directives.ContainsKey(directiveName))\r\n    d = (Directive)directives[directiveName];\r\n <span style=\"color:blue\">else</span>\r\n    d = <span style=\"color:blue\">null</span>;\r\n</pre>\r\n</div>\r\n<p></p>\r\n",
    "PostedDate": "2010-12-08T21:39:23.733-08:00",
    "UserRole": null,
    "MarkedAsAnswerDate": null
  },
  {
    "Id": "533773",
    "ThreadId": "237340",
    "Html": "\r\n<p>thank you very much</p>\r\n",
    "PostedDate": "2010-12-09T23:18:50.643-08:00",
    "UserRole": null,
    "MarkedAsAnswerDate": null
  }
]