[
  {
    "Id": "701384",
    "ThreadId": "280307",
    "Html": "\r\n<p>It seems this is a fork from Castle's NVelocity... what are the concrete changes in this fork?</p>\r\n<p>Also, why not just collaborate with the Castle team, and merge in any improvements?</p>\r\n<p>Cheers,<br>\r\nMauricio&nbsp;</p>\r\n",
    "PostedDate": "2011-11-21T11:32:04.587-08:00",
    "UserRole": null,
    "MarkedAsAnswerDate": null
  },
  {
    "Id": "955457",
    "ThreadId": "280307",
    "Html": "\r\n<p>Seems castle team has already not developed <span>NVelocity.</span></p>\r\n",
    "PostedDate": "2012-12-13T00:57:40.303-08:00",
    "UserRole": null,
    "MarkedAsAnswerDate": null
  }
]