[
  {
    "Id": "169066",
    "ThreadId": "50441",
    "Html": "Hi,<br>\r\n<br>\r\nI just have a quick question. Is this project any different than <a href=\"http://www.castleproject.org/others/nvelocity/index.html\">Castle's NVelocity fork</a>? How does it differ from the <a href=\"http://nvelocity.sourceforge.net/\">original NVelocity</a>?<br>\r\n<br>\r\nThanks,<br>\r\n<br>\r\n- Filip. \r\n",
    "PostedDate": "2009-03-17T09:14:38.403-07:00",
    "UserRole": null,
    "MarkedAsAnswerDate": null
  },
  {
    "Id": "169141",
    "ThreadId": "50441",
    "Html": "It's a fork from Castle's NVelocity project.&nbsp; (Many of the source files still have Castle copyright notice).&nbsp; However, the source code was taken some weeks before the creation of this project, so some of the recent changes to Castle's aren't here.&nbsp; On the other hand, the coordinator here, has been checking in changes frequently, So I guess this has diverged even further.&nbsp; I've been meaning to do a diff, to see what changed.&nbsp; (I used Castle NVelocity, but it disparately needs so bug fixing....)<br>\r\n<br>\r\n<br>\r\n",
    "PostedDate": "2009-03-17T12:31:23.553-07:00",
    "UserRole": null,
    "MarkedAsAnswerDate": null
  },
  {
    "Id": "169155",
    "ThreadId": "50441",
    "Html": "Thanks for the response. I wonder whether you were able to fix any of the macro deficiencies that Castle has. If that's the case, I'm switching today =)<br><br><div>On Tue, Mar 17, 2009 at 2:31 PM, JamesCurran <span dir=ltr>&lt;<a href=\"mailto:notifications@codeplex.com\">notifications@codeplex.com</a>&gt;</span> wrote:<br>\r\n<blockquote style=\"margin:0pt 0pt 0pt 0.8ex;padding-left:1ex\">   <div> <p>From: JamesCurran</p> <div>It's a fork from Castle's NVelocity project.  (Many of the source files still have Castle copyright notice).  However, the source code was taken some weeks before the creation of this project, so some of the recent changes to Castle's aren't here.  On the other hand, the coordinator here, has been checking in changes frequently, So I guess this has diverged even further.  I've been meaning to do a diff, to see what changed.  (I used Castle NVelocity, but it disparately needs so bug fixing....)<br>\r\n\r\n<br>\r\n<br>\r\n</div><div> <div> <p>Read the <a href=\"http://nvelocity.codeplex.com/Thread/View.aspx?ThreadId=50441&ANCHOR#Post169141\">full discussion online</a>.</p> <p>To add a post to this discussion, reply to this email (<a href=\"mailto:NVelocity@discussions.codeplex.com?subject=[NVelocity:50441]\">NVelocity@discussions.codeplex.com</a>)</p>\r\n <p>To start a new discussion for this project, email <a href=\"mailto:NVelocity@discussions.codeplex.com\">NVelocity@discussions.codeplex.com</a></p> <p>You are receiving this email because you subscribed to this discussion on CodePlex. You can <a href=\"http://www.codeplex.com/site/discussions/thread/unsubscribe/50441\">unsubscribe</a> on codePlex.com.</p>\r\n <p>Please note: Images and attachments will be removed from emails. Any posts to this discussion will also be available online at <a href=\"http://codeplex.com\">codeplex.com</a></p> </div> </div></div> </blockquote>\r\n</div><br>",
    "PostedDate": "2009-03-17T13:09:43.483-07:00",
    "UserRole": null,
    "MarkedAsAnswerDate": null
  }
]