[
  {
    "Id": "50441",
    "Title": "How is this project different?",
    "LatestDate": "2009-03-17T13:09:43.483-07:00"
  },
  {
    "Id": "63158",
    "Title": "ForEach ALA Castle",
    "LatestDate": "2009-07-21T21:01:35.22-07:00"
  },
  {
    "Id": "66265",
    "Title": "silent notation",
    "LatestDate": "2009-08-18T11:38:11.553-07:00"
  },
  {
    "Id": "70287",
    "Title": "Strong Naming",
    "LatestDate": "2009-09-27T20:47:08.447-07:00"
  },
  {
    "Id": "70840",
    "Title": "Where can I download the version of .NET2.0",
    "LatestDate": "2009-10-02T09:47:14.197-07:00"
  },
  {
    "Id": "237340",
    "Title": "html, body { background: #eee; }",
    "LatestDate": "2010-12-09T23:18:50.643-08:00"
  },
  {
    "Id": "238290",
    "Title": "DVSL",
    "LatestDate": "2010-12-14T02:17:35.577-08:00"
  },
  {
    "Id": "275122",
    "Title": "NVelocity Template Editor and Visual Studio Integration",
    "LatestDate": "2011-10-07T07:47:17.68-07:00"
  },
  {
    "Id": "280307",
    "Title": "Merging with Castle NVelocity",
    "LatestDate": "2012-12-13T00:57:40.303-08:00"
  }
]