{
  "WorkItem": {
    "AffectedComponent": {
      "Name": "",
      "DisplayName": ""
    },
    "ClosedComment": "",
    "ClosedDate": null,
    "CommentCount": 0,
    "Custom": null,
    "Description": "The NVelocity code does not allow me to access a Dictionary, I created a context value:\n\nDictionary<string, object> objectValue = new Dicitionary();\n\nobjectValue[\"Thing1\"] = \"\";\nobjectValue[\"Thing2\"] = \"\";\n\ncontext[\"Dictionary\"] = objectValue;\n\nattempting to access this information seem to not work, I did some investigation into the code it seems in MapGetExecutor  the line\n\nIDictionary interfaces = clazz as IDictionary;\n\nseems to allways return null no matter what I pass into the constructor, one suggestion for this is to have \nbool isAssignable = typeof (IDictionary).IsAssignableFrom(clazz);\n\nwhich is a little more consistent but doesn't work when I pass in a IDictionary<,>",
    "LastUpdatedDate": "2016-06-14T08:13:40.9-07:00",
    "PlannedForRelease": "",
    "ReleaseVisibleToPublic": false,
    "Priority": {
      "Name": "Unassigned",
      "Severity": 0,
      "Id": 0
    },
    "ProjectName": "NVelocity",
    "ReportedDate": "2016-06-14T08:13:23.32-07:00",
    "Status": {
      "Name": "Proposed",
      "Id": 1
    },
    "ReasonClosed": {
      "Name": "Unassigned"
    },
    "Summary": "Rendering a Dictionary",
    "Type": {
      "Name": "Unassigned",
      "Id": 5
    },
    "VoteCount": 1,
    "Id": 65177
  },
  "FileAttachments": [],
  "Comments": []
}