{
  "WorkItem": {
    "AffectedComponent": {
      "Name": "",
      "DisplayName": ""
    },
    "ClosedComment": "",
    "ClosedDate": null,
    "CommentCount": 0,
    "Custom": null,
    "Description": "Hi\n \nWe use a mainfile,.vm in our project for that nvelocity is used to convert it into XML file.\n \nBut some times it lead to an strange situation instead of creating XML file of more than 1 kb it create MainFile.xml of size 1 kb and if i tried accessing the file it shows the attached exception. Hence breaking of code\n \nThough we had an alternative to resolve this issue by doing IIS reset but its a temporary solution . I would appreciate if u guys provide me the permanent solution for it. \n \nSince IIS reset resolve the issue we doubted that may be the nVelocity DLL loaded into the memory and once IIS reset is done it get release from the memory.\n \nAlso, This issue is mainly occur on Development and Staging server but rarely occur on production.\n \nPlease provide the solution for it ASAP. would appreciate if get quick response from your end.\n \n \nThanks\nVipul\n+91-9891658952",
    "LastUpdatedDate": "2013-02-13T18:34:34.663-08:00",
    "PlannedForRelease": "",
    "ReleaseVisibleToPublic": false,
    "Priority": {
      "Name": "Low",
      "Severity": 50,
      "Id": 1
    },
    "ProjectName": "NVelocity",
    "ReportedDate": "2011-05-23T23:14:34.023-07:00",
    "Status": {
      "Name": "Proposed",
      "Id": 1
    },
    "ReasonClosed": {
      "Name": "Unassigned"
    },
    "Summary": "Issue in conversion from .VM to .XML using nVelocity ---Urgent",
    "Type": {
      "Name": "Issue",
      "Id": 3
    },
    "VoteCount": 1,
    "Id": 20831
  },
  "FileAttachments": [
    {
      "FileId": 4977,
      "FileName": "MainFile.xml",
      "DownloadUrl": ".\\4977"
    }
  ],
  "Comments": []
}