{
  "WorkItem": {
    "AffectedComponent": {
      "Name": "",
      "DisplayName": ""
    },
    "ClosedComment": "",
    "ClosedDate": null,
    "CommentCount": 0,
    "Custom": null,
    "Description": "NVelocity.Runtime.Parser.ParseException: Encountered \"\\r\\n\\t\\t\\t\\tfilter: \\'*\\',\\r\\n\\t\\t\\t\\tanimationEngine: \\'best-available\\',\\r\\n\\t\\t\\t\\tlayoutMode: portfolioLayout,\\r\\n\\t\\t\\t\\tanimationOptions: {\\r\\n\\t\\t\\t\\tduration: 750,\\r\\n\\t\\t\\t\\teasing: \\'linear\\',\\r\\n\\t\\t\\t\\tqueue: false\\r\\n\\t\\t\\t},\\r\\n\\t\\t\\tmasonry: {\\r\\n\\t\\t\\t}\\r\\n\\t\\t\\t}, refreshWaypoints());\\r\\n\\t\\t\\t\\r\\n\\t\\t\\tfunction refreshWaypoints() {setTimeout(function(){},1000);}\\r\\n\\t\\t\\t\\t\\t\\r\\n\\t\\t\\t\" at line 415, column 45.\nWas expecting:\n   <IDENTIFIER> ...\n   \nso what‘s wrong in the NVelocity?my script here is:\n(function($) {\n\t\t\"use strict\";\n\t\tvar $container = $('.portfolio_wrapper'),\n\t\t\t$items = $container.find('.item'),\n\t\t\tportfolioLayout = 'masonry';\n\t\t\t\n\t\t\t$container.isotope({\n\t\t\t\tfilter: '*',\n\t\t\t\tanimationEngine: 'best-available',\n\t\t\t\tlayoutMode: portfolioLayout,\n\t\t\t\tanimationOptions: {\n\t\t\t\tduration: 750,\n\t\t\t\teasing: 'linear',\n\t\t\t\tqueue: false\n\t\t\t},\n\t\t\tmasonry: {\n\t\t\t}\n\t\t\t}, refreshWaypoints());\n\t\t\t\n\t\t\tfunction refreshWaypoints() {setTimeout(function(){},1000);}\n\t\t\t\t\t\n\t\t\t$('nav.portfolio-filter ul a').on('click', function() {\n\t\t\t\t\tvar selector = $(this).attr('data-filter');\n\t\t\t\t\t$container.isotope({ filter: selector }, refreshWaypoints());\n\t\t\t\t\t$('nav.portfolio-filter ul a').removeClass('active');\n\t\t\t\t\t$(this).addClass('active');\n\t\t\t\t\treturn false;\n\t\t\t});\n\t\t\t\n\t\t\tfunction getColumnNumber() { \n\t\t\t\tvar winWidth = $(window).width(), \n\t\t\t\tcolumnNumber = 1;\n\t\t\t\n\t\t\t\tif (winWidth > 1200) {\n\t\t\t\t\tcolumnNumber = 4;\n\t\t\t\t} else if (winWidth > 950) {\n\t\t\t\t\tcolumnNumber = 3;\n\t\t\t\t} else if (winWidth > 600) {\n\t\t\t\t\tcolumnNumber = 2;\n\t\t\t\t} else if (winWidth > 400) {\n\t\t\t\t\tcolumnNumber = 2;\n\t\t\t\t} else if (winWidth > 250) {\n\t\t\t\t\tcolumnNumber = 1;\n\t\t\t\t}\n\t\t\t\t\treturn columnNumber;\n\t\t\t\t}       \n\t\t\t\t\n\t\t\t\tfunction setColumns() {\n\t\t\t\t\tvar winWidth = $(window).width(), \n\t\t\t\t\tcolumnNumber = getColumnNumber(), \n\t\t\t\t\titemWidth = Math.floor(winWidth / columnNumber);\n\t\t\t\t\t\n\t\t\t\t\t$container.find('.item').each(function() { \n\t\t\t\t\t\t$(this).css( { \n\t\t\t\t\t\twidth : itemWidth + 'px'\n\t\t\t\t\t});\n\t\t\t\t});\n\t\t\t}\n\t\t\t\n\t\t\tfunction setPortfolio() { \n\t\t\t\tsetColumns();\n\t\t\t\t$container.isotope('reLayout');\n\t\t\t}\n\t\t\t\t\n\t\t\t$container.imagesLoaded(function () { \n\t\t\t\tsetPortfolio();\n\t\t\t});\n\t\t\t\n\t\t\t$(window).on('resize', function () { \n\t\t\tsetPortfolio();          \n\t\t\t});\n\t\n\t\t})(jQuery);",
    "LastUpdatedDate": "2014-10-18T03:35:50.057-07:00",
    "PlannedForRelease": "",
    "ReleaseVisibleToPublic": false,
    "Priority": {
      "Name": "Unassigned",
      "Severity": 0,
      "Id": 0
    },
    "ProjectName": "NVelocity",
    "ReportedDate": "2014-10-18T03:35:50.057-07:00",
    "Status": {
      "Name": "Proposed",
      "Id": 1
    },
    "ReasonClosed": {
      "Name": "Unassigned"
    },
    "Summary": "what's wrong?i can't render my html",
    "Type": {
      "Name": "Unassigned",
      "Id": 5
    },
    "VoteCount": 1,
    "Id": 25786
  },
  "FileAttachments": [],
  "Comments": []
}