[
  {
    "Id": "0",
    "Name": "NVelocity 1.6.1 Beta 1",
    "DevelopmentStatus": "Beta",
    "Description": "match apache velocity 1.6.1([url:http://velocity.apache.org]).",
    "ReleasedDatge": "0001-01-01T00:00:00",
    "ModifiedDate": "2009-02-01T16:58:59.65-08:00",
    "Files": [
      {
        "Id": "32f9f169-4d4a-4175-9790-30db5976a4be",
        "FileName": "NVelocity 1.6.1 beta 1.zip",
        "Url": "./0/32f9f169-4d4a-4175-9790-30db5976a4be",
        "Type": "Source Code",
        "UploadDate": "2009-02-01T16:56:33.423-08:00"
      }
    ]
  },
  {
    "Id": "1",
    "Name": "NVelocity 1.6.1 beta 2",
    "DevelopmentStatus": "Beta",
    "Description": "Fixed some bugs.",
    "ReleasedDatge": "0001-01-01T00:00:00",
    "ModifiedDate": "2009-02-15T06:34:35.53-08:00",
    "Files": [
      {
        "Id": "cd46f78c-2f2d-48b1-a8b8-a0b05079ccda",
        "FileName": "NVelocity 1.6.1 beta 2.zip",
        "Url": "./1/cd46f78c-2f2d-48b1-a8b8-a0b05079ccda",
        "Type": "Application",
        "UploadDate": "2009-02-15T06:34:35.2-08:00"
      }
    ]
  }
]